{"file_hashes":[{"block_hashes":["dzGe9hT6Mpu6/rwJX8swjE+8mpWQLuHZtJ5MjoCX1ds=","AbpHGcgLb+kRsJGnwFEktk7uzpZOCcBY74+YBdrKVGs="],"block_size":4096,"path":"EventEmitter.js"},{"block_hashes":["MUHeu6PMsDzmNpyrd7Q7hdEpF/hwYfY/+pC6ViU4jjY="],"block_size":4096,"path":"analytics.js"},{"block_hashes":["BCt/Y/7iMe+Z5N7K87OCG59RiO58TmQ9nKBpIOVcSvw="],"block_size":4096,"path":"animate.js"},{"block_hashes":["F9giPTas5ZiZB+T8AV4802/gn3DSDWT4sxfjaOj6ilg="],"block_size":4096,"path":"background.js"},{"block_hashes":["2G9xOtrp4f77A+Cl3xpX0chjO9byg5ray1lSN4v4vDQ=","jW5EKtJYwIog9WNvoBkYOhrLAjLpZEwjLLDIwWLoHMU=","mzEEFGpNpehGSnCwvrQHtA0XOO/mpJcZUVH+PyGtbNs=","BrE6CZXM3EckMQ/xB4KLkrPncVSv86w5Zm7BaLPr6QI=","0jGACJltBCe6XoN49m8VHc9FbZBZrJGNsWxAip1YQY0=","ERaHeokNCiRTCA37AAz1qUpJKIwUyqajsJGUA5bd8bA=","Q1mS/Q17JSE5Pe//VgRsRQhonfgmZ4aoto2ZDla3ras=","S1/KDcIsdL0T7XfVte1ZFNWeNiUMg8gNWHZ45nQcRpA=","d3iktch11H2hDGdTW5K7m5sQkNRkdckViFSyMa4vyo8=","jXccqS7crKzlu4LUvfekZlyE+NfG+s3vpyDVqONi2+k=","pzARttH/eg/K+8TQwVjlU75paaM/VeEhHjQeuh6I/c4=","2A4W804iFrI4EzUc1DoTMF8Icmeav6SnfQ/++oA0nkE=","5B78pdEpcoWU/HXi96v+iHC1Fk9X90z5BeLktwSkv8o=","6deYcnt0BxixSXJSOOCGGWTB/vGtNclg1YxOwjgSAlk=","+YGlTwNnIivYC490h1SskMj6H9vXvq121SGTt+gK0Vg=","rjidGZjzK4ylwE8jOw/0L1cv/Qpwf6X1hmmE1JkH+o0=","Eo3mDP1jgpeHR0pAiAEvCV7gFwdUHUQELCgY3l2nMns=","px2mhTZ/Ajv4UB34uqSLFf0BJDZNcvR1aToFlL9t9Us=","3aauiRUSW3MQAwZIrUh50PDYkACs2TkHmna8GTi/I5U=","drSU2kpjQc2jiCHquYS2Cd7MsK3GtSlsz5am514/3h4=","/0ZVTFKYfASzAxxdhlXzJ/Q35wvSP38vzJrEZUThhEQ=","FVIe3qSncozNtswqyxMzHGXYyYuNi1kITGy93LlZBIk=","4euiiNvj6K3Ff4F3/WUu8CYZrQOnOfuy8NoRxm6az0w="],"block_size":4096,"path":"browser-polyfill.min.js"},{"block_hashes":["d/Xuw4xe8HXhGJIkTM+eJJ2Ck34HQBOY35gxlWh3Whc="],"block_size":4096,"path":"crf.js"},{"block_hashes":["yJWJpMtcyR0gusHy8JG5S3N5QuUkykqWjqkj7AT03Zs="],"block_size":4096,"path":"error.js"},{"block_hashes":["kLASWGqXqBSaGBjFhpSZi4o20Gegdup/OcTd7v4znyM=","7uQDI0LZI7d3ypdTxAoH3PZPQVvcolbV5i264UXCTnE=","3p3W0CQmCWEIIAMOefnIfRAzRDXOEa6FD0tOeo1E/UY=","nGcOxO1xxPR0tsXTQYQiUIq0U5PioKD5reFI5SZGsTM=","dzMOIh5ubhIbMAp4hmrC/armfc0+qvqBkvdMws3ufYk=","IA8eHUAiqs01Vbn7iQOlRIBQZ1OkmzhjzyEMKFa6oss=","OT4is20qtbbe8lTfWFucMEVUepF7RsoWnobUSBrMyfc=","Y3uS4VITRp25sRQcGYob9+8tiwr+lxnxsIpLUYf/aHY=","2jeMldCi6/eXM2HNrzz+xYMbIRuOW4PbR3VFxElxLOs=","fEajzanuSrQhlu9Y7xmdkypoUPcH2L3lHlvMxn4VvIE=","zgepT/8fae5iThbWDhwWCHIACUswvftbZTL1gF69Itw=","AQ5wiXHEi2mnBVf2Nw8eUK+aeVlCEy0ya0VoQpX3lew=","AOLFC2o6rjn5+MMYlI8Zjffp2aeOrDzMsELgSl/tNj0=","DhD+r2m+YM5ySjO9h+nfR9BVhZgLJFRQmYlrX2IpKNQ=","eLrdaLLQ34LxMC7XFVjCdn/7cl/c7XxniRuTim0zLx4="],"block_size":4096,"path":"ga.js"},{"block_hashes":["jMvzckNo/T2gB9OVkmbCTgD47AF1jF2Kl+RRw2QCYbQ="],"block_size":4096,"path":"img/flags/UK.svg"},{"block_hashes":["vwzxlTsrG/WroX67Tap9slLbaw8wyIudyfuaggiGzd8=","dnz9321IIFqaA21iscfmcIBacFcnx1fK3ooYQCaHF54="],"block_size":4096,"path":"img/flags/US.svg"},{"block_hashes":["reAhPzHmPJs74daLadcFPHp+ATJEQlic5uYLn5APWZs="],"block_size":4096,"path":"img/shieldon-active.png"},{"block_hashes":["EmZ9gRoPGnCazBIt1434maHDFcE5mHk7u9mnrSMqOaA="],"block_size":4096,"path":"img/shieldon-active.svg"},{"block_hashes":["t7lw/B9rSGF58C6/1eFinxlG2XqDl+G4bz6DD1SS4v0="],"block_size":4096,"path":"img/shieldon-deactive.svg"},{"block_hashes":["yQ5XdjTytMc9TiqKjzjI2esklZxcFRuiMyTCMl9dr0A=","PV/VGLPMFAihmIWEuouqQ/daM3r+wgusCJ/kuhe90f8=","/kWIR1d6ish0hTrnj0mkGaC9o9lWiH15JHj8yFwvjn0=","QjEutdSGkFv1n8k7pxWiPUmRj/tz97vySv0FjqHJ8Po=","g+Lacwi3Lcx/uvZm5AJEu6XlYTm9MCOBHdwMEqhPgQo="],"block_size":4096,"path":"img/shieldon-default.pdf"},{"block_hashes":["Cpa7ftCBEH/mgNbdMq5mJwER89plHoYcMp4sS/SFsME="],"block_size":4096,"path":"img/shieldon-exhausted.svg"},{"block_hashes":["nsb9KluVwvXWram/At3qZn6K3fMW+8ZPi+nij7M7Iko=","ZAnLkILm6LxDnPpseOAoGHjESn8rCgxaVrQs67E2XSs="],"block_size":4096,"path":"img/shieldon-frustrated.svg"},{"block_hashes":["EvmmN9mqYptmfkbo1c1imQDY0b8Oz28m5aFyrPdyQi0="],"block_size":4096,"path":"img/shieldon-happy.svg"},{"block_hashes":["HVtToLVC8pIRP+yiBLpORGWtoJQ/UQ/8HIZnQblWQgM="],"block_size":4096,"path":"img/shieldon-oh.svg"},{"block_hashes":["13e+duJKkXAmMTKHI6wETQGCkpM2U3BxOOOi5wihCTE=","XqFbpJyEQh8sQgHZuEd1VWGZ02XVg10QLdig/iQfFQc="],"block_size":4096,"path":"img/shieldon-sad.svg"},{"block_hashes":["MfEBAcuf2ycWqGW/xrNUTeOsrh4vt06cY6mZ8oJHM58=","I65WbPvL6oEsMcVjWZvHxU+TUQgJe9GLoe3W/mbXhOk=","b+yNUm2L878o7RCxIMFT+veykynHH+piC6apMlF442g=","1OlVeNS9LHkh8Y/CA6DGlmZjjBImPJdoVlTmKQpV+FY=","DJdufpqZFFsurk97yYrpT5ceudoO3eTAHqXsqfxDmkI="],"block_size":4096,"path":"img/shieldon-sleep.png"},{"block_hashes":["oUpiizvi0cgnHmtpfDFnQNO74gHthnupIS8GemVIDCs="],"block_size":4096,"path":"img/shieldon-sleep.svg"},{"block_hashes":["ab8hVxvKjS49hRXmFk5AT6ixLbizi4PrBW7/xHhaQmQ="],"block_size":4096,"path":"img/shieldon-smile.svg"},{"block_hashes":["1bxD6bU+teJ8QP8q5D4hmXm6a9PHwkBlflQmQZzRzUk="],"block_size":4096,"path":"popup.html"},{"block_hashes":["hkSc7wnoIoSx24oj3hOAwntelodVDOQ+GbSd5rOUQ80=","lUNFJqlmjMLeRYY84ZBlx/75TPBXCF7VehChB9yLtpA=","D3pY1Av3173oZEn7tcoMAjPe40U55VV/j7soU4Mj5Ik=","cG2EPPS86M/Y0JYUUJsnu222aYVETz6/PORh0xHh4zU=","9/tyqV0fLgtyZkQsv0+doIRKIEzP31jM2Kuoq1jn2e0=","03Osk9EZcKKloXqhSzgNN+/p7E/m0BYQf72aRsD7zas=","AYNXZv67ICDqNGKsnrF2Bvg+i+FqmqYLoWTpz+uqVmU=","rSwcJFw0Cvmkt569aMH3L0rJ2dKSSx75c4bF/LRxXp0=","uCc46PKE2M5EvV/VtVrbi7Kqqv9m0kZ1JxTPY56IxHw="],"block_size":4096,"path":"popup.js"},{"block_hashes":["gK9ayxr7H44/juOSk3DTKPNdTy1jFUmHRxKH/d0Z5IU=","pqBve6zZIDTtOV3R5/D9J4Rsahbxxp2oA6IcyOriC1E=","/q0b8zzdwMKpfiOpVVGAoko1uoxSQVeIiYNGyG9vW7U=","Zi5wl/lbDCIaCeSxrXlV+Tn8Evt4mg38uICldsdLESI="],"block_size":4096,"path":"proxy-background.js"},{"block_hashes":["EDuGlSKBsDYS7V7tDzS2O6RZKZ+vyJMxeAoBEDtzh9Q="],"block_size":4096,"path":"proxy.js"},{"block_hashes":["m835unYiw6Glb3YaslldSHQo0YBYAtEe/+5X1YhmbMY="],"block_size":4096,"path":"store.js"},{"block_hashes":["9wl05wYYsqfktS1U+qvG5R0Bv1DJzeKOluOupJshh4c=","l6vbMhHbKiqcGg5ei0/55cDpxF9KHKLn9C83xu3i9ao="],"block_size":4096,"path":"styles.css"},{"block_hashes":["YghaScTyCq4TCv268eWXzQ8s8owZVvNLheYqvIqsE7w="],"block_size":4096,"path":"utils.js"}],"version":2}